{
    "m_IsLocalPosition": 0,
    "m_Items": [
        {
            "m_Classname": "Animal_CanisLupus_Grey",
            "m_LocalPosition": [
                8432.38671875,
                333.8744812011719,
                1783.2034912109376
            ],
            "m_LocalRotation": [
                -153.02442932128907,
                0.0,
                -0.0
            ],
            "m_Data": {
                "m_Health": 200.0,
                "m_Quantity": 0.0,
                "m_LiquidType": 0,
                "m_Temperature": 38
            },
            "m_ConstructionParts": [],
            "m_Attachments": []
        },
        {
            "m_Classname": "Animal_CanisLupus_White",
            "m_LocalPosition": [
                8421.623046875,
                329.2244873046875,
                1758.1226806640626
            ],
            "m_LocalRotation": [
                -149.64601135253907,
                0.0,
                -0.0
            ],
            "m_Data": {
                "m_Health": 200.0,
                "m_Quantity": 0.0,
                "m_LiquidType": 0,
                "m_Temperature": 38
            },
            "m_ConstructionParts": [],
            "m_Attachments": []
        },
        {
            "m_Classname": "Animal_CanisLupus_Grey",
            "m_LocalPosition": [
                8462.6943359375,
                344.8157958984375,
                1813.047119140625
            ],
            "m_LocalRotation": [
                -174.4694061279297,
                0.0,
                -0.0
            ],
            "m_Data": {
                "m_Health": 200.0,
                "m_Quantity": 0.0,
                "m_LiquidType": 0,
                "m_Temperature": 38
            },
            "m_ConstructionParts": [],
            "m_Attachments": []
        },
        {
            "m_Classname": "Animal_CanisLupus_Grey",
            "m_LocalPosition": [
                8439.1171875,
                336.24853515625,
                1786.518310546875
            ],
            "m_LocalRotation": [
                -149.2394561767578,
                0.0,
                -0.0
            ],
            "m_Data": {
                "m_Health": 200.0,
                "m_Quantity": 0.0,
                "m_LiquidType": 0,
                "m_Temperature": 38
            },
            "m_ConstructionParts": [],
            "m_Attachments": []
        }
    ]
}