{
    "m_IsLocalPosition": 0,
    "m_Items": [
        {
            "m_Classname": "Animal_CanisLupus_Grey",
            "m_LocalPosition": [
                8344.69921875,
                322.5965881347656,
                1626.0750732421876
            ],
            "m_LocalRotation": [
                -83.41288757324219,
                -0.20341022312641145,
                -0.6685866117477417
            ],
            "m_Data": {
                "m_Health": 0.0,
                "m_Quantity": 0.0,
                "m_LiquidType": 0,
                "m_Temperature": 17
            },
            "m_ConstructionParts": [],
            "m_Attachments": []
        },
        {
            "m_Classname": "Animal_CanisLupus_White",
            "m_LocalPosition": [
                8342.7841796875,
                322.5657958984375,
                1628.1324462890626
            ],
            "m_LocalRotation": [
                32.49311828613281,
                -0.0,
                -0.0
            ],
            "m_Data": {
                "m_Health": 200.0,
                "m_Quantity": 0.0,
                "m_LiquidType": 0,
                "m_Temperature": 38
            },
            "m_ConstructionParts": [],
            "m_Attachments": []
        }
    ]
}