{
    "m_IsLocalPosition": 0,
    "m_Items": [
        {
            "m_Classname": "Animal_CanisLupus_Grey",
            "m_LocalPosition": [
                8346.6650390625,
                322.60638427734377,
                1626.1044921875
            ],
            "m_LocalRotation": [
                4.713558197021484,
                -0.0,
                -0.0
            ],
            "m_Data": {
                "m_Health": 200.0,
                "m_Quantity": 0.0,
                "m_LiquidType": 0,
                "m_Temperature": 38
            },
            "m_ConstructionParts": [],
            "m_Attachments": []
        },
        {
            "m_Classname": "Animal_CanisLupus_Grey",
            "m_LocalPosition": [
                8337.1005859375,
                322.6694030761719,
                1647.3004150390626
            ],
            "m_LocalRotation": [
                65.41085815429688,
                -0.0,
                -0.0
            ],
            "m_Data": {
                "m_Health": 200.0,
                "m_Quantity": 0.0,
                "m_LiquidType": 0,
                "m_Temperature": 38
            },
            "m_ConstructionParts": [],
            "m_Attachments": []
        },
        {
            "m_Classname": "Animal_CanisLupus_White",
            "m_LocalPosition": [
                8345.9150390625,
                322.6099853515625,
                1626.7459716796876
            ],
            "m_LocalRotation": [
                -93.48403930664063,
                0.0,
                -0.0
            ],
            "m_Data": {
                "m_Health": 200.0,
                "m_Quantity": 0.0,
                "m_LiquidType": 0,
                "m_Temperature": 38
            },
            "m_ConstructionParts": [],
            "m_Attachments": []
        }
    ]
}