{
    "m_IsLocalPosition": 0,
    "m_Items": [
        {
            "m_Classname": "ExpansionWall6x3",
            "m_LocalPosition": [
                8360.6787109375,
                322.44677734375,
                1672.415771484375
            ],
            "m_LocalRotation": [
                132.2642059326172,
                0.0,
                0.0
            ],
            "m_Data": {
                "m_Health": 30000.0,
                "m_Quantity": 0.0,
                "m_LiquidType": 0,
                "m_Temperature": 0
            },
            "m_ConstructionParts": [
                "wood_wallfinished",
                "wood_wallframe",
                "wood_base"
            ],
            "m_Attachments": []
        },
        {
            "m_Classname": "ExpansionWall6x3",
            "m_LocalPosition": [
                8364.7138671875,
                325.4499816894531,
                1676.85595703125
            ],
            "m_LocalRotation": [
                -47.73577117919922,
                0.0,
                0.0
            ],
            "m_Data": {
                "m_Health": 30000.0,
                "m_Quantity": 0.0,
                "m_LiquidType": 0,
                "m_Temperature": 0
            },
            "m_ConstructionParts": [
                "wood_wallfinished",
                "wood_wallframe",
                "wood_base"
            ],
            "m_Attachments": []
        },
        {
            "m_Classname": "ExpansionWall6x3",
            "m_LocalPosition": [
                8356.6435546875,
                322.4463195800781,
                1667.975341796875
            ],
            "m_LocalRotation": [
                132.2642059326172,
                0.0,
                0.0
            ],
            "m_Data": {
                "m_Health": 29930.0,
                "m_Quantity": 0.0,
                "m_LiquidType": 0,
                "m_Temperature": 0
            },
            "m_ConstructionParts": [
                "wood_wallfinished",
                "wood_wallframe",
                "wood_base"
            ],
            "m_Attachments": []
        },
        {
            "m_Classname": "ExpansionWall6x3",
            "m_LocalPosition": [
                8381.4775390625,
                325.57879638671877,
                1680.6097412109376
            ],
            "m_LocalRotation": [
                -6.32853889465332,
                0.0,
                0.0
            ],
            "m_Data": {
                "m_Health": 30000.0,
                "m_Quantity": 0.0,
                "m_LiquidType": 0,
                "m_Temperature": 0
            },
            "m_ConstructionParts": [
                "wood_wallfinished",
                "wood_wallframe",
                "wood_base"
            ],
            "m_Attachments": []
        },
        {
            "m_Classname": "ExpansionWall6x3",
            "m_LocalPosition": [
                8375.513671875,
                325.5783386230469,
                1679.9483642578126
            ],
            "m_LocalRotation": [
                -6.32853889465332,
                0.0,
                0.0
            ],
            "m_Data": {
                "m_Health": 30000.0,
                "m_Quantity": 0.0,
                "m_LiquidType": 0,
                "m_Temperature": 0
            },
            "m_ConstructionParts": [
                "wood_wallfinished",
                "wood_wallframe",
                "wood_base"
            ],
            "m_Attachments": []
        },
        {
            "m_Classname": "ExpansionWall6x3",
            "m_LocalPosition": [
                8381.4775390625,
                322.5760498046875,
                1680.60986328125
            ],
            "m_LocalRotation": [
                173.67144775390626,
                0.0,
                0.0
            ],
            "m_Data": {
                "m_Health": 30000.0,
                "m_Quantity": 0.0,
                "m_LiquidType": 0,
                "m_Temperature": 0
            },
            "m_ConstructionParts": [
                "wood_wallfinished",
                "wood_wallframe",
                "wood_base"
            ],
            "m_Attachments": []
        },
        {
            "m_Classname": "ExpansionWall6x3",
            "m_LocalPosition": [
                8381.4775390625,
                328.58245849609377,
                1680.609619140625
            ],
            "m_LocalRotation": [
                -6.3285441398620609,
                0.0,
                0.0
            ],
            "m_Data": {
                "m_Health": 30000.0,
                "m_Quantity": 0.0,
                "m_LiquidType": 0,
                "m_Temperature": 0
            },
            "m_ConstructionParts": [
                "wood_wallfinished",
                "wood_wallframe",
                "wood_base"
            ],
            "m_Attachments": []
        },
        {
            "m_Classname": "ExpansionWall6x3",
            "m_LocalPosition": [
                8364.7138671875,
                322.4472351074219,
                1676.856201171875
            ],
            "m_LocalRotation": [
                132.2642059326172,
                0.0,
                0.0
            ],
            "m_Data": {
                "m_Health": 30000.0,
                "m_Quantity": 0.0,
                "m_LiquidType": 0,
                "m_Temperature": 0
            },
            "m_ConstructionParts": [
                "wood_wallfinished",
                "wood_wallframe",
                "wood_base"
            ],
            "m_Attachments": []
        },
        {
            "m_Classname": "ExpansionWall6x3",
            "m_LocalPosition": [
                8352.6083984375,
                325.4486083984375,
                1663.53466796875
            ],
            "m_LocalRotation": [
                -47.73577117919922,
                0.0,
                0.0
            ],
            "m_Data": {
                "m_Health": 30000.0,
                "m_Quantity": 0.0,
                "m_LiquidType": 0,
                "m_Temperature": 0
            },
            "m_ConstructionParts": [
                "wood_wallfinished",
                "wood_wallframe",
                "wood_base"
            ],
            "m_Attachments": []
        },
        {
            "m_Classname": "ExpansionWall6x3",
            "m_LocalPosition": [
                8360.6787109375,
                325.44952392578127,
                1672.41552734375
            ],
            "m_LocalRotation": [
                -47.73577117919922,
                0.0,
                0.0
            ],
            "m_Data": {
                "m_Health": 30000.0,
                "m_Quantity": 0.0,
                "m_LiquidType": 0,
                "m_Temperature": 0
            },
            "m_ConstructionParts": [
                "wood_wallfinished",
                "wood_wallframe",
                "wood_base"
            ],
            "m_Attachments": []
        },
        {
            "m_Classname": "ExpansionWall6x3",
            "m_LocalPosition": [
                8369.5498046875,
                325.577880859375,
                1679.2869873046876
            ],
            "m_LocalRotation": [
                -6.32853889465332,
                0.0,
                0.0
            ],
            "m_Data": {
                "m_Health": 30000.0,
                "m_Quantity": 0.0,
                "m_LiquidType": 0,
                "m_Temperature": 0
            },
            "m_ConstructionParts": [
                "wood_wallfinished",
                "wood_wallframe",
                "wood_base"
            ],
            "m_Attachments": []
        },
        {
            "m_Classname": "ExpansionWall6x3",