{
    "m_IsLocalPosition": 0,
    "m_Items": [
        {
            "m_Classname": "Animal_CanisLupus_White",
            "m_LocalPosition": [
                8333.6689453125,
                322.6125183105469,
                1644.310302734375
            ],
            "m_LocalRotation": [
                158.23287963867188,
                0.0,
                -0.0
            ],
            "m_Data": {
                "m_Health": 200.0,
                "m_Quantity": 0.0,
                "m_LiquidType": 0,
                "m_Temperature": 38
            },
            "m_ConstructionParts": [],
            "m_Attachments": []
        },
        {
            "m_Classname": "Animal_CanisLupus_Grey",
            "m_LocalPosition": [
                8335.3916015625,
                323.0902404785156,
                1651.0394287109376
            ],
            "m_LocalRotation": [
                177.26683044433595,
                0.0,
                -0.0
            ],
            "m_Data": {
                "m_Health": 200.0,
                "m_Quantity": 0.0,
                "m_LiquidType": 0,
                "m_Temperature": 38
            },
            "m_ConstructionParts": [],
            "m_Attachments": []
        }
    ]
}