{
    "m_IsLocalPosition": 0,
    "m_Items": [
        {
            "m_Classname": "ExpansionWall6x3",
            "m_LocalPosition": [
                8377.5380859375,
                331.5943603515625,
                1627.3739013671876
            ],
            "m_LocalRotation": [
                179.8356170654297,
                0.0,
                0.0
            ],
            "m_Data": {
                "m_Health": 30000.0,
                "m_Quantity": 0.0,
                "m_LiquidType": 0,
                "m_Temperature": 0
            },
            "m_ConstructionParts": [
                "wood_wallfinished",
                "wood_wallframe",
                "wood_base"
            ],
            "m_Attachments": []
        },
        {
            "m_Classname": "ExpansionWall6x3",
            "m_LocalPosition": [
                8371.5380859375,
                328.5920715332031,
                1627.356689453125
            ],
            "m_LocalRotation": [
                -0.1643618941307068,
                0.0,
                0.0
            ],
            "m_Data": {
                "m_Health": 30000.0,
                "m_Quantity": 0.0,
                "m_LiquidType": 0,
                "m_Temperature": 0
            },
            "m_ConstructionParts": [
                "wood_wallfinished",
                "wood_wallframe",
                "wood_base"
            ],
            "m_Attachments": []
        },
        {
            "m_Classname": "ExpansionWall6x3",
            "m_LocalPosition": [
                8401.5380859375,
                337.6016845703125,
                1627.4427490234376
            ],
            "m_LocalRotation": [
                -0.1643618941307068,
                0.0,
                0.0
            ],
            "m_Data": {
                "m_Health": 30000.0,
                "m_Quantity": 0.0,
                "m_LiquidType": 0,
                "m_Temperature": 0
            },
            "m_ConstructionParts": [
                "wood_wallfinished",
                "wood_wallframe",
                "wood_base"
            ],
            "m_Attachments": []
        },
        {
            "m_Classname": "ExpansionWall6x3",
            "m_LocalPosition": [
                8377.5380859375,
                325.5888671875,
                1627.3739013671876
            ],
            "m_LocalRotation": [
                -0.1643618941307068,
                0.0,
                0.0
            ],
            "m_Data": {
                "m_Health": 30000.0,
                "m_Quantity": 0.0,
                "m_LiquidType": 0,
                "m_Temperature": 0
            },
            "m_ConstructionParts": [
                "wood_wallfinished",
                "wood_wallframe",
                "wood_base"
            ],
            "m_Attachments": []
        },
        {
            "m_Classname": "ExpansionWall6x3",
            "m_LocalPosition": [
                8389.5380859375,
                337.60260009765627,
                1627.4083251953126
            ],
            "m_LocalRotation": [
                179.8356170654297,
                0.0,
                0.0
            ],
            "m_Data": {
                "m_Health": 30000.0,
                "m_Quantity": 0.0,
                "m_LiquidType": 0,
                "m_Temperature": 0
            },
            "m_ConstructionParts": [
                "wood_wallfinished",
                "wood_wallframe",
                "wood_base"
            ],
            "m_Attachments": []
        },
        {
            "m_Classname": "ExpansionWall6x3",
            "m_LocalPosition": [
                8395.5380859375,
                337.6021423339844,
                1627.425537109375
            ],
            "m_LocalRotation": [
                179.8356170654297,
                0.0,
                0.0
            ],
            "m_Data": {
                "m_Health": 30000.0,
                "m_Quantity": 0.0,
                "m_LiquidType": 0,
                "m_Temperature": 0
            },
            "m_ConstructionParts": [
                "wood_wallfinished",
                "wood_wallframe",
                "wood_base"
            ],
            "m_Attachments": []
        },
        {
            "m_Classname": "ExpansionWall6x3",
            "m_LocalPosition": [
                8377.5380859375,
                328.59161376953127,
                1627.3739013671876
            ],
            "m_LocalRotation": [
                -0.1643618941307068,
                0.0,
                0.0
            ],
            "m_Data": {
                "m_Health": 30000.0,
                "m_Quantity": 0.0,
                "m_LiquidType": 0,
                "m_Temperature": 0
            },
            "m_ConstructionParts": [
                "wood_wallfinished",
                "wood_wallframe",
                "wood_base"
            ],
            "m_Attachments": []
        },
        {
            "m_Classname": "ExpansionWall6x3",
            "m_LocalPosition": [
                8383.5380859375,
                331.5948181152344,
                1627.39111328125
            ],
            "m_LocalRotation": [
                -0.1643618941307068,
                0.0,
                0.0
            ],
            "m_Data": {
                "m_Health": 30000.0,
                "m_Quantity": 0.0,
                "m_LiquidType": 0,
                "m_Temperature": 0
            },
            "m_ConstructionParts": [
                "wood_wallfinished",
                "wood_wallframe",
                "wood_base"
            ],
            "m_Attachments": []
        },
        {
            "m_Classname": "ExpansionWall6x3",
            "m_LocalPosition": [
                8389.5380859375,
                334.5980224609375,
                1627.4083251953126
            ],
            "m_LocalRotation": [
                -0.1643618941307068,
                0.0,
                0.0
            ],
            "m_Data": {
                "m_Health": 30000.0,
                "m_Quantity": 0.0,
                "m_LiquidType": 0,
                "m_Temperature": 0
            },
            "m_ConstructionParts": [
                "wood_wallfinished",
                "wood_wallframe",
                "wood_base"
            ],
            "m_Attachments": []
        },
        {
            "m_Classname": "ExpansionWall6x3",
            "m_LocalPosition": [
                8395.5380859375,
                340.6058044433594,
                1627.425537109375
            ],
            "m_LocalRotation": [
                -0.16435688734054566,
                0.0,
                0.0
            ],
            "m_Data": {
                "m_Health": 30000.0,
                "m_Quantity": 0.0,
                "m_LiquidType": 0,
                "m_Temperature": 0
            },
            "m_ConstructionParts": [
                "wood_wallfinished",
                "wood_wallframe",
                "wood_base"
            ],
            "m_Attachments": []
        },
        {
            "m_Classname": "ExpansionWall6x3",
            "m_LocalPosition": [
                8395.5380859375,
                334.5984802246094,
                1627.425537109375
            ],
            "m_LocalRotation": [
                -0.1643618643283844,
                0.0,
                0.0
            ],
            "m_Data": {
                "m_Health": 30000.0,
                "m_Quantity": 0.0,
                "m_LiquidType": 0,
                "m_Temperature": 0
            },
            "m_ConstructionParts": [
                "wood_wallfinished",
                "wood_wallframe",
                "wood_base"
            ],
            "m_Attachments": []
        },
        {
            "m_Classname": "ExpansionWall6x3",