{
    "m_IsLocalPosition": 0,
    "m_Items": [
        {
            "m_Classname": "ExpansionWall6x3",
            "m_LocalPosition": [
                8386.0615234375,
                327.00921630859377,
                1675.581787109375
            ],
            "m_LocalRotation": [
                -148.23963928222657,
                0.0,
                0.0
            ],
            "m_Data": {
                "m_Health": 30000.0,
                "m_Quantity": 0.0,
                "m_LiquidType": 0,
                "m_Temperature": 0
            },
            "m_ConstructionParts": [
                "wood_wallfinished",
                "wood_wallframe",
                "wood_base"
            ],
            "m_Attachments": []
        },
        {
            "m_Classname": "ExpansionWall6x3",
            "m_LocalPosition": [
                8391.1630859375,
                327.0096740722656,
                1672.4234619140626
            ],
            "m_LocalRotation": [
                -148.23963928222657,
                0.0,
                0.0
            ],
            "m_Data": {
                "m_Health": 30000.0,
                "m_Quantity": 0.0,
                "m_LiquidType": 0,
                "m_Temperature": 0
            },
            "m_ConstructionParts": [
                "wood_wallfinished",
                "wood_wallframe",
                "wood_base"
            ],
            "m_Attachments": []
        },
        {
            "m_Classname": "ExpansionWall6x3",
            "m_LocalPosition": [
                8386.0615234375,
                324.0064697265625,
                1675.5816650390626
            ],
            "m_LocalRotation": [
                -148.23963928222657,
                0.0,
                0.0
            ],
            "m_Data": {
                "m_Health": 30000.0,
                "m_Quantity": 0.0,
                "m_LiquidType": 0,
                "m_Temperature": 0
            },
            "m_ConstructionParts": [
                "wood_wallfinished",
                "wood_wallframe",
                "wood_base"
            ],
            "m_Attachments": []
        },
        {
            "m_Classname": "ExpansionWall6x3",
            "m_LocalPosition": [
                8396.2646484375,
                327.0101318359375,
                1669.26513671875
            ],
            "m_LocalRotation": [
                -148.23963928222657,
                0.0,
                0.0
            ],
            "m_Data": {
                "m_Health": 30000.0,
                "m_Quantity": 0.0,
                "m_LiquidType": 0,
                "m_Temperature": 0
            },
            "m_ConstructionParts": [
                "wood_wallfinished",
                "wood_wallframe",
                "wood_base"
            ],
            "m_Attachments": []
        },
        {
            "m_Classname": "ExpansionWall6x3",
            "m_LocalPosition": [
                8396.2646484375,
                330.01287841796877,
                1669.2652587890626
            ],
            "m_LocalRotation": [
                -148.23963928222657,
                0.0,
                0.0
            ],
            "m_Data": {
                "m_Health": 30000.0,
                "m_Quantity": 0.0,
                "m_LiquidType": 0,
                "m_Temperature": 0
            },
            "m_ConstructionParts": [
                "wood_wallfinished",
                "wood_wallframe",
                "wood_base"
            ],
            "m_Attachments": []
        }
    ]
}