{
    "m_IsLocalPosition": 0,
    "m_Items": [
        {
            "m_Classname": "Animal_CanisLupus_White",
            "m_LocalPosition": [
                8347.08203125,
                307.196533203125,
                1553.8804931640626
            ],
            "m_LocalRotation": [
                2.6128432750701906,
                -0.0,
                -0.0
            ],
            "m_Data": {
                "m_Health": 200.0,
                "m_Quantity": 0.0,
                "m_LiquidType": 0,
                "m_Temperature": 38
            },
            "m_ConstructionParts": [],
            "m_Attachments": []
        },
        {
            "m_Classname": "Animal_CanisLupus_Grey",
            "m_LocalPosition": [
                8349.38671875,
                308.3991394042969,
                1563.3291015625
            ],
            "m_LocalRotation": [
                -2.3973500728607179,
                0.0,
                0.0
            ],
            "m_Data": {
                "m_Health": 200.0,
                "m_Quantity": 0.0,
                "m_LiquidType": 0,
                "m_Temperature": 38
            },
            "m_ConstructionParts": [],
            "m_Attachments": []
        },
        {
            "m_Classname": "Animal_CanisLupus_Grey",
            "m_LocalPosition": [
                8349.7861328125,
                307.6296081542969,
                1554.3758544921876
            ],
            "m_LocalRotation": [
                -2.474566698074341,
                0.0,
                0.0
            ],
            "m_Data": {
                "m_Health": 200.0,
                "m_Quantity": 0.0,
                "m_LiquidType": 0,
                "m_Temperature": 38
            },
            "m_ConstructionParts": [],
            "m_Attachments": []
        },
        {
            "m_Classname": "Animal_CanisLupus_White",
            "m_LocalPosition": [
                8343.599609375,
                307.7855224609375,
                1569.06494140625
            ],
            "m_LocalRotation": [
                8.640722274780274,
                -0.0,
                -0.0
            ],
            "m_Data": {
                "m_Health": 200.0,
                "m_Quantity": 0.0,
                "m_LiquidType": 0,
                "m_Temperature": 38
            },
            "m_ConstructionParts": [],
            "m_Attachments": []
        }
    ]
}