{
    "m_BedOwner": "0nsyEhm9INQy3se8y-fXlbMHVv4YsIXloUCLC2unDyo=",
    "m_BedPos": [
        8344.552734375,
        331.7038269042969,
        1629.765625
    ],
    "m_RespawnTime": 0,
    "m_BRUsesLeft": 0
}