{
    "m_Version": 7,
    "SpawnLocations": [
        {
            "Name": "Bielawa",
            "Positions": [
                [
                    1291.6142578125,
                    286.4041748046875,
                    9849.0498046875
                ],
                [
                    1488.8697509765626,
                    284.999755859375,
                    9866.576171875
                ],
                [
                    1692.6441650390626,
                    286.8250732421875,
                    9950.5595703125
                ],
                [
                    1772.42431640625,
                    275.3841552734375,
                    9837.3271484375
                ],
                [
                    1107.232177734375,
                    282.66778564453127,
                    9262.4423828125
                ]
            ],
            "UseCooldown": 1
        },
        {
            "Name": "Lukow",
            "Positions": [
                [
                    3028.617431640625,
                    271.8551330566406,
                    12067.580078125
                ],
                [
                    3243.9892578125,
                    250.7246856689453,
                    11933.79296875
                ],
                [
                    3640.191162109375,
                    244.44606018066407,
                    12446.8759765625
                ],
                [
                    4053.288818359375,
                    242.4552001953125,
                    11554.08203125
                ],
                [
                    3397.184326171875,
                    263.20574951171877,
                    11606.515625
                ]
            ],
            "UseCooldown": 1
        },
        {
            "Name": "Brena",
            "Positions": [
                [
                    6116.87939453125,
                    185.59963989257813,
                    11316.484375
                ],
                [
                    6237.9833984375,
                    170.83348083496095,
                    10880.1376953125
                ],
                [
                    6600.86328125,
                    188.71290588378907,
                    11543.671875
                ],
                [
                    7015.44921875,
                    172.51670837402345,
                    11113.072265625
                ],
                [
                    6426.08447265625,
                    201.5269012451172,
                    11602.169921875
                ]
            ],
            "UseCooldown": 1
        },
        {
            "Name": "Kolembrody",
            "Positions": [
                [
                    8350.314453125,
                    202.8677520751953,
                    12259.904296875
                ],
                [
                    8590.466796875,
                    172.58555603027345,
                    11946.4501953125
                ],
                [
                    8294.5390625,
                    174.66209411621095,
                    11968.5693359375
                ],
                [
                    8553.80078125,
                    187.72311401367188,
                    12174.58203125
                ]
            ],
            "UseCooldown": 1
        },
        {
            "Name": "Grabin",
            "Positions": [
                [
                    11212.15625,
                    197.50184631347657,
                    11669.453125
                ],
                [
                    11171.6455078125,
                    174.06480407714845,
                    11324.0107421875
                ],
                [
                    10999.5126953125,
                    173.88735961914063,
                    11395.9130859375
                ],
                [
                    11345.7900390625,
                    181.3823699951172,
                    11485.919921875
                ],
                [
                    11187.93359375,
                    170.95196533203126,
                    11216.2841796875
                ],
                [
                    10829.2763671875,
                    173.663818359375,
                    11294.203125
                ]
            ],
            "UseCooldown": 1
        },
        {
            "Name": "Adamów",
            "Positions": [
            [3092.72, 234.136, 6779.06],
            [3096.28, 234.133, 6778.95],
            [3061.5, 234.95, 6835.82]
            ],
            "UseCooldown": 1
        },
        {
            "Name": "Salezie",
            "Positions": [
            [913.736, 243.227, 5525.5],
            [902.0, 245.0, 5520.0],
            [898.0, 246.0, 5518.0],
            [910.0, 244.0, 5522.0]
            ],
            "UseCooldown": 1
        },
        {
            "Name": "Polana (DANGER)",
            "Positions": [
            [3295.58, 487.644, 2043.34],
            [3296.48, 486.945, 2029.21],
            [3322, 487.311, 2027.3],
            [3327.86, 494.384, 2125.56]
            ],
            "UseCooldown": 1
        },
        {
            "Name": "Konopki",
            "Positions": [
            [11487.7, 348.548, 2893.94],
            [11427, 351.249, 2917.89]
            ],
            "UseCooldown": 1
        }, 
        {
            "Name": "Gieraltów",
            "Positions": [
            [11546.3, 329.915, 4681.47],
            [11319.5, 346.925, 4229.87],
            [11059.4, 346.178, 4342.36]
            ],
            "UseCooldown": 1
        },
        {
            "Name": "SIŁA Factory (DANGER)",
            "Positions": [
            [7341.45, 318.129, 2470.92],
            [7331.4, 287.065, 2576.83],
            [7322.48, 289.51, 2843.72]
            ],
            "UseCooldown": 1
        },
        {
            "Name": "Dolnik",
            "Positions": [
            [11306.1, 215.91, 672.838],
            [11410.5, 214.946, 594.585]
            ],
            "UseCooldown": 1
        },
        
        {
            "Name": "Widok",
            "Positions": [
            [10221.8, 242.678, 2168.86],
            [10292, 242.52, 2128.92]
            ],
            "UseCooldown": 1
        },
        
        {
            "Name": "Borek",
            "Positions": [
            [9868.39, 210.591, 8463],
            [9812.47, 208.271, 8597.16]
            ],
            "UseCooldown": 1
        },
        {
            "Name": "Nadbór (DANGER)",
            "Positions": [
            [6494.67, 308.56, 4704.56],
            [6391.27, 310.959, 4804.33],
            [6517.89, 308.565, 4777.35]
            ],
            "UseCooldown": 1
        },
        {
            "Name": "Roztoka",
            "Positions": [
            [7634.82, 240.513, 5282.41],
            [7653.62, 239.895, 5421.66],
            [7638.41, 245.85, 5157.71]
            ],
            "UseCooldown": 1
        },
        {
            "Name": "Topolin (DANGER)",
            "Positions": [
            [1913.43, 194.949, 7445.36],
            [1841.88, 199.767, 7392.01],
            [2035.59, 208.118, 7440.87]
            ],
            "UseCooldown": 1
        }
    ],
    "StartingClothing": {
        "EnableCustomClothing": 1,
        "SetRandomHealth": 1,
        "Headgear": [],
        "Glasses": [],
        "Masks": [],
        "Tops": [
            "TShirt_Green",
            "TShirt_Blue",
            "TShirt_Black",
            "TShirt_Beige",
            "TShirt_Red",
            "TShirt_OrangeWhiteStripes",
            "TShirt_White",
            "TShirt_Red",
            "TShirt_Grey",
            "TShirt_RedBlackStripes"
        ],
        "Vests": [],
        "Gloves": [],